-- MySQL dump 10.13  Distrib 8.0.31, for macos12 (x86_64)
--
-- Host: localhost    Database: games
-- ------------------------------------------------------
-- Server version	8.0.31

/*!40101 SET @OLD_CHARACTER_SET_CLIENT=@@CHARACTER_SET_CLIENT */;
/*!40101 SET @OLD_CHARACTER_SET_RESULTS=@@CHARACTER_SET_RESULTS */;
/*!40101 SET @OLD_COLLATION_CONNECTION=@@COLLATION_CONNECTION */;
/*!50503 SET NAMES utf8 */;
/*!40103 SET @OLD_TIME_ZONE=@@TIME_ZONE */;
/*!40103 SET TIME_ZONE='+00:00' */;
/*!40014 SET @OLD_UNIQUE_CHECKS=@@UNIQUE_CHECKS, UNIQUE_CHECKS=0 */;
/*!40014 SET @OLD_FOREIGN_KEY_CHECKS=@@FOREIGN_KEY_CHECKS, FOREIGN_KEY_CHECKS=0 */;
/*!40101 SET @OLD_SQL_MODE=@@SQL_MODE, SQL_MODE='NO_AUTO_VALUE_ON_ZERO' */;
/*!40111 SET @OLD_SQL_NOTES=@@SQL_NOTES, SQL_NOTES=0 */;

--
-- Table structure for table `game`
--
use games;
DROP TABLE IF EXISTS `game`;
/*!40101 SET @saved_cs_client     = @@character_set_client */;
/*!50503 SET character_set_client = utf8mb4 */;
CREATE TABLE `game` (
  `game_code` int NOT NULL AUTO_INCREMENT,
  `name` varchar(100) DEFAULT NULL,
  `region` varchar(20) DEFAULT NULL,
  `language` varchar(100) DEFAULT NULL,
  PRIMARY KEY (`game_code`)
) ENGINE=InnoDB AUTO_INCREMENT=1067 DEFAULT CHARSET=utf8mb4 COLLATE=utf8mb4_0900_ai_ci;
/*!40101 SET character_set_client = @saved_cs_client */;

--
-- Dumping data for table `game`
--

LOCK TABLES `game` WRITE;
/*!40000 ALTER TABLE `game` DISABLE KEYS */;
INSERT INTO `game` VALUES (1,'P.T Silent Hills','WORLD','None'),(2,'Shadow of Colossus','WORLD','None'),(3,'BloodBorne version 0','WORLD','None'),(4,'Ghost of Tsushima','WORLD','None'),(5,'God of War','WORLD','None'),(6,'God of War 3 Remastered','WORLD','None'),(7,'Gravity Rush Remastered','WORLD','None'),(8,'Horizon Zero Dawn Complete Edition','WORLD','None'),(9,'MediEvil','WORLD','None'),(10,'The Last Guardian','WORLD','None'),(11,'The last of Us - Part II','WORLD','None'),(12,'The Last of Us Remastered','WORLD','None'),(13,'Uncharted 4 A Thief\'s End','WORLD','None'),(14,'Uncharted The Nathan Drake Collection','WORLD','None'),(15,'Until Dawn','WORLD','None'),(17,'Bloodborne GOTY','WORLD','None'),(18,'Gravity Rush 2','WORLD','None'),(19,'MediEvil Remake','WORLD','None'),(20,'The Order 1886','WORLD','None'),(21,'Uncharted 4 The Lost Legacy','WORLD','None'),(22,'Horizon Forbidden West','WORLD','None'),(23,'God of War - Ragnarok','WORLD','None'),(24,'7th Dragon III Code - VFD','EUR','None'),(25,'Alliance Alive, The','USA','None'),(26,'Animal Crossing - Happy Home Designer','EUR','En,Fr,De,Es,It'),(27,'Animal Crossing - New Leaf','EUR','En,Fr,De,Es,It'),(28,'Animal Crossing - New Leaf - Welcome Amiibo','EUR','En,Fr,De,Es,It'),(29,'Azure Striker Gunvolt - Striker Pack','USA','None'),(30,'Bravely Default','EUR','En,Ja,Fr,De,Es,It'),(31,'Code Name - STEAM','EUR','En,Fr,De,Es,It'),(32,'Castlevania - Lords of Shadow - Mirror of Fate','EUR','En,Fr,De,Es,It'),(33,'Corpse Party','USA','None'),(34,'Code of Princess','USA','None'),(35,'Creeping Terror','USA','None'),(36,'Dillon\'s Dead-Heat Breakers','EUR','En,Fr,De,Es,It'),(37,'Driver - Renegade 3D','EUR','En,Fr,De,Es,It'),(38,'Donkey Kong Country Returns 3D','EUR','En,Fr,De,Es,It'),(39,'Dragon Quest VII - Fragments of the Forgotten Past','EUR','En,Fr,De,Es,It'),(40,'Dragon Quest VIII - Journey of the Cursed King','EUR','En,Fr,De,Es,It'),(41,'E.X. Troopers','JPN','None'),(42,'Etrian Mystery Dungeon','EUR','None'),(43,'Etrian Odyssey 2 Untold - The Fafnir Knight','EUR','None'),(44,'Etrian Odyssey IV - Legends of the Titan','EUR','None'),(45,'Etrian Odyssey Nexus','EUR','None'),(46,'Etrian Odyssey Untold - The Millennium Girl','EUR','None'),(47,'Etrian Odyssey V - Beyond the Myth','EUR','None'),(48,'Fantasy Life','EUR','En,Fr,De,Es,It'),(49,'Final Fantasy Explorers','EUR','En,Fr'),(50,'Fire Emblem - Awakening','EUR','En,Fr,De,Es,It'),(51,'Harvest Moon 3D - The Tale of Two Towns','EUR','En,Fr,De'),(52,'Fire Emblem Fates - Conquest','EUR','En,Fr,De,Es,It'),(53,'Fire Emblem Warriors','EUR','En,Fr,De,Es,It'),(54,'Harvest Moon - Skytree Village','EUR','En,Fr,De,Es'),(55,'Harvest Moon - The Lost Valley','EUR','En,Fr,De,Es'),(56,'Harvest Moon 3D - A New Beginning','EUR','None'),(57,'Kirby Battle Royale','EUR','En,Fr,De,Es,It'),(58,'Hyrule Warriors Legends','EUR','En,Fr,De,Es,It'),(59,'Kingdom Hearts 3D - Dream Drop Distance','EUR','En,Fr,De'),(60,'Kirby - Triple Deluxe','EUR','En,Fr,De,Es,It'),(61,'Kirby\'s Extra Epic Yarn','EUR','En,Fr,De,Es,It'),(62,'Langrisser Re - Incarnation -TENSEI-','USA','None'),(63,'Legend of Legacy, The','EUR','None'),(64,'Legend of Zelda, The - A Link Between Worlds','EUR','En,Fr,De,Es,It'),(65,'Captain Toad - Treasure Tracker','EUR','En,Fr,De,Es,It'),(66,'Legend of Zelda, The - Tri Force Heroes','EUR','En,Fr,De,Es,It'),(67,'Luigi\'s Mansion','EUR','En,Fr,De,Es,It'),(68,'Mario & Luigi - Dream Team Bros','EUR','En,Fr,Ge,It,Es'),(69,'Mario and Donkey Kong - Minis on the Move','EUR','En,Fr,De,Es,It'),(70,'Mario Kart 7','EUR','En,Fr,De,Es,It'),(71,'Mario Party - Star Rush','EUR','En,Fr,De,Es,It'),(72,'Mario Sports Superstars','USA','None'),(73,'Mario vs Donkey Kong - Tipping Stars','EUR','None'),(74,'Metal Gear Solid 3D - Snake Eater','EUR','En,Fr,De,Es,It'),(75,'Metroid Prime - Federation Force','EUR','En,Fr,De,Es,It'),(76,'Monster Hunter 3 Ultimate','EUR','En,Fr,De,Es,It'),(77,'Monster Hunter 4 Ultimate','EUR','En,Fr,De,Es,It'),(78,'Monster Hunter Generations','EUR','En,Fr,De,Es,It'),(79,'Paper Mario - Sticker Star','EUR','En,Fr,De,Es,It'),(80,'Persona Q - Shadow of the Labyrinth','EUR','None'),(81,'Persona Q2 - New Cinema Labyrinth','EUR','En,Fr'),(82,'Pokemon Rumble Blast','USA','None'),(83,'Pokemon Super Mystery Dungeon','EUR','En,Fr,De,Es,It'),(84,'Professor Layton and the Azran Legacy','EUR','None'),(85,'Professor Layton and the Miracle Mask','EUR','None'),(86,'Project X Zone','EUR','None'),(87,'Radiant Historia - Perfect Chronology','EUR','None'),(88,'Rayman Origins','EUR','En,Fr,De,Es,It'),(89,'Resident Evil - Revelations','EUR','En,Ja,Fr,De,Es,It'),(90,'Resident Evil - The Mercenaries 3D','EUR','En,Fr,De,Es,It'),(91,'Rune Factory 4','USA','None'),(92,'Senran Kagura 2 - Deep Crimson','EUR','None'),(93,'Scribblenauts Unmasked - A DC Comics Adventure','EUR','None'),(94,'Sega 3D Classics Collection','EUR','None'),(95,'Senran Kagura Burst','EUR','None'),(96,'Shin Megami Tensei - Devil Survivor 2 Record Breaker','EUR','None'),(97,'Shin Megami Tensei - Devil Survivor Overclocked','EUR','None'),(98,'Shin Megami Tensei - Strange Journey Redux','EUR','None'),(99,'Shin Megami Tensei IV','USA','None'),(100,'Shin Megami Tensei IV - Apocalypse','EUR','None'),(101,'Sonic & All-Stars Racing Transformed','EUR','En,Fr,De,Es,It'),(102,'Sonic - Lost World','EUR','En,Fr,De,Es,It'),(103,'Sonic Boom - Fire & Ice','EUR','En,Fr,De,Es,It'),(104,'Sonic Boom - Shattered Crystal','EUR','En,Fr,De,Es,It'),(105,'Stella Glow','EUR','None'),(106,'Story of Seasons','EUR','En,Fr,De,Es,It'),(107,'Story of Seasons - Trio of Towns','EUR','En,Fr,De,Es,It'),(108,'Yo-Kai Watch 2 - Bony Spirits','EUR','En,Fr,De,Es,It'),(109,'Super Street Fighter IV - 3D Edition','EUR','En,Fr,De,Es,It'),(110,'Tales of the Abyss','EUR','None'),(111,'Theatrhythm Final Fantasy','EUR','None'),(112,'Theatrhythm Final Fantasy - Curtain Call','EUR','None'),(113,'Tom Clancy\'s Ghost Recon - Shadow Wars','EUR','En,Fr,De,Es,It'),(114,'Tom Clancy\'s Splinter Cell 3D','EUR','En,Fr,De,Es,It'),(115,'Xenoblade Chronicles 3D','EUR','En,Fr,De,Es,It'),(116,'Demon King Box','EUR','None'),(117,'Dr Mario - Miracle Cure','EUR','None'),(118,'Detective Pikachu','EUR','En,Ja,Fr,De,Es,It'),(119,'Bravely Second - End Layer','EUR','En,Fr,De,Es,It'),(120,'Dedede\'s Drum Dash Deluxe','EUR','En,Fr,De,Es,It'),(121,'Dead or Alive - Dimensions 3D','EUR','En,Fr,Ge,It,Es'),(122,'Disney Epic Mickey - Power of Illusion','EUR','En,Fr,De,Es,It'),(123,'Ever Oasis','EUR','En,Fr,De,Es,It'),(124,'Fire Emblem Echoes - Shadows of Valentia','EUR','En,Fr,De,Es,It'),(125,'Hey! Pikmin','EUR','En,Fr,De,Es,It'),(126,'Mega Man Legacy Collection','USA','None'),(127,'Legend of Zelda, The - Majora\'s Mask 3D','EUR','En,Fr,De,Es,It'),(128,'Legend of Zelda, The - Ocarina of Time 3D','EUR','En,Fr,De,Es,It'),(129,'Mario Golf - World Tour','EUR','En,Fr,De,Es,It'),(130,'Luigi\'s Mansion 2','EUR','En,Fr,Ge,It,Es'),(131,'Yo Kai Watch','EUR','None'),(132,'Mario & Luigi - Paper Jam Bros','EUR','Du,Ge,En,Fr,Es,It'),(133,'Mario & Sonic at the London 2012 Olympic Games','EUR','En,Fr,De,Es,It'),(134,'Mario & Sonic at the Rio 2016 Olympic Games','EUR','En,Fr,De,Es,It'),(135,'Mario Party - Island Tour','EUR','En,Fr,De,Es,It'),(136,'Mario Tennis Open','EUR','En,Fr,De,Es,It'),(137,'Metal Gear Solid Snake Eater 3D','USA','None'),(138,'Metroid - Samus Returns','EUR','En,Fr,De,Es,It'),(139,'Monster Hunter Stories','EUR','En,Fr,De,Es,It'),(140,'New Super Mario Bros 2','EUR','En,Fr,De,Es,It'),(141,'Phoenix Wright - Ace Attorney - Dual Destinies','USA','None'),(142,'Phoenix Wright Ace Attorney Trilogy','EUR','None'),(143,'Pokemon Omega Ruby','EUR','En,Ja,Fr,De,Es,It'),(144,'Pokemon Sun','EUR','En,Ja,Fr,De,Es,It'),(145,'Pokemon X','EUR','En,Ja,Fr,De,Es,It'),(146,'Pokemon Ultra Moon','EUR','En,Ja,Fr,De,Es,It'),(147,'Pokemon Ultra Sun','EUR','En,Ja,Fr,De,Es,It'),(148,'Layton\'s Mystery Journey - Katrielle and the Millionaires\' Conspiracy','EUR','En,Fr,De,Es,It'),(149,'Poochy & Yoshi\'s Woolly World','EUR','En,Fr,De,Es,It'),(150,'Professor Layton vs Phoenix Wright - Ace Attorney','EUR','En,Fr,De'),(151,'Rabbids 3D','EUR','En,Fr,De,Es,It'),(152,'Rayman 3D','EUR','En,Fr,De,Es,It'),(153,'Scribblenauts Unlimited','EUR','En,Fr,De,Es,It'),(154,'Shantae and the Pirates Curse','EUR','En,Fr,De,Es,It'),(155,'Sonic Generations','EUR','En,Fr,De,Es,It'),(156,'Star Fox 64 3D','EUR','En,Fr,De,Es,It'),(157,'Super Mario 3D Land','EUR','En,Fr,De,Es,It'),(158,'Super Mario Maker for Nintendo 3DS','EUR','En,Fr,De,Es,It'),(159,'Yo-Kai Watch 2 - Fleshy Souls','EUR','En,Fr,De,Es,It'),(160,'Super Smash Bros for Nintendo 3DS','EUR','En,Fr,De,Es,It'),(161,'Yoshi\'s New Island','EUR','En,Fr,De,Es,It'),(162,'Yo-Kai Watch 3','EUR','En,Fr,De,Es,It'),(163,'Phoenix Wright - Ace Attorney Spirit of Justice','EUR','None'),(164,'Resident Evil 4','EUR','En,Fr,De,Es,It'),(165,'Eternal Darkness - Sanitys Requiem','EUR','En,Fr,De,Es,It'),(166,'F-Zero GX','EUR','En,Fr,De,Es,It'),(167,'Final Fantasy - Crystal Chronicles','EUR','En,Fr,De,Es,It'),(168,'Resident Evil Zero','EUR','En,Fr,De,Es,It'),(169,'Geist','EUR','En,Fr,De,Es,It'),(170,'Resident Evil','EUR','En,Fr,De,Es,It'),(171,'Legend of Zelda, The - Collectors Edition','EUR','En,Fr,De,Es,It'),(172,'Resident Evil - Code Veronica X','EUR','En,Fr,De,Es,It'),(173,'Legend of Zelda, The - Four Swords Adventures','EUR','En,Fr,De,Es,It'),(174,'Legend of Zelda, The - Ocarina of Time  Master Quest','EUR','En,Fr,De'),(175,'Star Fox Adventures','EUR','En,Fr,De,Es,It'),(176,'Legend of Zelda, The - The Wind Waker','EUR','En,Fr,De,Es,It'),(177,'Legend of Zelda, The - Twilight Princess','EUR','En,Fr,De,Es,It'),(178,'Tales of Symphonia','EUR','None'),(179,'Mario Party 4','EUR','En,Fr,De,Es,It'),(180,'Mario Kart - Double Dash!!','EUR','En,Fr,De,Es,It'),(181,'Luigis Mansion','EUR','En,Fr,De,Es,It'),(182,'Metal Gear Solid - The Twin Snakes','EUR','En,Fr,De,Es,It'),(183,'Beyond Good Evil','EUR','En,Es'),(184,'Mario Party 5','EUR','En,Fr,De,Es,It'),(185,'Mario Party 6','EUR','En,Fr,De,Es,It'),(186,'Mario Party 7','EUR','En,Fr,De,Es,It'),(187,'Mega Man Anniversary Collection','USA','None'),(188,'Mega Man X Collection','USA','None'),(189,'Metroid Prime','EUR','En,Fr,De,Es,It'),(190,'Metroid Prime 2 - Echoes','EUR','En,Fr,De,Es,It'),(191,'P.N. 03','EUR','En,Fr,De,Es,It'),(192,'Paper Mario - The Thousand-Year Door','EUR','En,Fr,De,Es,It'),(193,'Prince of Persia - The Sands of Time','EUR','En,Fr,De,Es,It'),(194,'Prince of Persia - The Two Thrones','EUR','En,Fr,De,Es,It'),(195,'Prince of Persia - Warrior Within','EUR','En,Fr,De,Es,It,Nl'),(196,'Resident Evil 2','EUR','En,Fr,De,Es,It'),(197,'Resident Evil 3 - Nemesis','EUR','En,Fr,De,Es,It'),(198,'Skies of Arcadia Legends','EUR','En,Fr,De,Es'),(199,'Sonic Adventure 2 - Battle','EUR','En,Ja,Fr,De,Es'),(200,'Sonic Adventure DX - Directors Cut','EUR','En,Ja,Fr,De,Es'),(201,'Soulcalibur II','EUR','En,Fr,De,Es,It'),(202,'Star Fox - Assault','EUR','En,Fr,De,Es,It'),(203,'Super Mario Sunshine','EUR','En,Fr,De,Es,It'),(204,'Super Smash Bros. Melee','EUR','En,Fr,De,Es,It'),(205,'Viewtiful Joe','EUR','En,Fr,De,Es,It'),(206,'Viewtiful Joe - Red Hot Rumble','EUR','En,Fr,De,Es,It'),(207,'Viewtiful Joe 2','EUR','En,Fr,De,Es,It'),(208,'Wario World','EUR','En,Fr,De,Es,It'),(209,'WarioWare, Inc. - Mega Party Game$!','EUR','En,Fr,De,Es,It'),(210,'Animal Crossing','EUR','None'),(211,'Phantasy Star Online I & II','EUR','None'),(212,'Fire Emblem - Path of Radiance (Europe) (En,Fr,De,Es,It).iso','WORLD','None'),(213,'Simpsons, The - Road Rage','USA','None'),(214,'Ikaruga','EUR','None'),(215,'Baten Kaitos - Eternal Wings and Lost Ocean','USA','None'),(216,'Baten Kaitos - Origins','USA','None'),(217,'Mario Golf - Toadstool Tour','USA','None'),(218,'Mario Smash Football','EUR','En,Fr,De,Es,It'),(219,'Mario Superstar Baseball','USA','None'),(220,'Mario Power Tennis','USA','None'),(221,'Vexx','EUR','En,Fr,De,Es,It'),(222,'Simpsons, The - Hit & Run','EUR','En,Fr,De'),(223,'Pikmin','EUR','None'),(224,'Pikmin 2','EUR','None'),(225,'Super Princess Peach','EUR','En,Fr,De,Es,It'),(226,'Dead\'n\'Furious','EUR','En,Fr,De,Es,It'),(227,'Nine Hours, Nine Persons, Nine Doors','USA','Es'),(228,'Ninja Gaiden - Dragon Sword','USA','None'),(229,'Advance Wars - Dark Conflict','EUR','En,Fr,De,Es,It'),(230,'Advance Wars - Dual Strike','EUR','En,Fr,De,Es,It'),(231,'Aliens - Infestation','USA','En,Fr,De'),(232,'Animal Crossing - Wild World','EUR','En,Fr,De,Es,It'),(233,'Another Code - Two Memories','EUR','En,Fr,De,Es,It'),(234,'Asterix - These Romans Are Crazy!','EUR','En,Fr,De,It'),(235,'Harvest Moon DS','EUR','En,Fr,De,Es,It'),(236,'Mario Party DS','EUR','En,Fr,De,Es,It'),(237,'Assassin\'s Creed - Altair\'s Chronicles','EUR','En,Fr,De,Es,It'),(238,'Asterix at the Olympic Games','EUR','En,Fr,De,Es,It'),(239,'Asterix & Obelix XXL 2 - Mission Wifix','EUR','En,Fr,De,Es,It'),(240,'Bomberman','EUR','En,Fr,De,Es,It'),(241,'Bust-A-Move DS','EUR','None'),(242,'Bomberman 2','EUR','En,Fr,De,Es,It'),(243,'Bubble Bobble - Double Shot','EUR','En,Fr,De,Es,It'),(244,'Bubble Bobble Revolution','EUR','En,Fr,De,Es,It'),(245,'Castlevania - Dawn of Sorrow','EUR','En,Fr,De,Es,It'),(246,'Castlevania - Portrait of Ruin','EUR','En,Fr,De,Es,It'),(247,'Castlevania - Order of Ecclesia','EUR','En,Fr,De,Es,It'),(248,'Children of Mana','EUR','En,Fr,De,Es,It'),(249,'Chrono Trigger','EUR','En,Fr'),(250,'Dementium II','EUR','En,Fr,De,Es,It'),(251,'Dementium - The Ward','EUR','En,Fr,De,Es,It'),(252,'Diddy Kong Racing DS','EUR','En,Fr,De,Es,It'),(253,'Dragon Quest Monsters - Joker','EUR','En,Fr,De,Es,It'),(254,'Dragon Quest - The Hand of the Heavenly Bride','EUR','En,Fr,De,Es,It'),(255,'Dragon Quest - The Chapters of the Chosen','EUR','En,Fr,De,Es,It'),(256,'Dragon Quest VI - Realms of Reverie','EUR','En,Fr,De,Es,It'),(257,'Dragon Quest Monsters - Joker 2','EUR','En,Fr,De,Es,It'),(258,'Dragon Quest IX - Sentinels of the Starry Skies','EUR','En,Fr,De,Es,It'),(259,'Profesor Layton y la Caja de Pandora, El','ESP','None'),(260,'Professor Layton and the Curious Village','EUR','En,Fr,De,Es,It'),(261,'Etrian Odyssey','EUR','En,Fr,De,Es,It'),(262,'Profesor Layton y la Llamada del Espectro, El','ESP','None'),(263,'Etrian Odyssey II - Heroes of Lagaard','USA','None'),(264,'Etrian Odyssey III - The Drowned City','USA','None'),(265,'Profesor Layton y el Futuro Perdido, El','ESP','None'),(266,'Final Fantasy - The 4 Heroes of Light','EUR','None'),(267,'Final Fantasy Fables - Chocobo Tales','EUR','En,Fr,De,Es,It'),(268,'Fire Emblem - Shin Monshou no Nazo - Hikari to Kage no Eiyuu','JPN','En'),(269,'Final Fantasy Crystal Chronicles - Ring of Fates','EUR','En,Fr,De,Es'),(270,'Final Fantasy Crystal Chronicles - Echoes of Time','EUR','En,Fr,De,Es'),(271,'Fire Emblem - Shadow Dragon','EUR','En,Fr,De,Es,It'),(272,'Final Fantasy III','EUR','En,Fr,De,Es,It'),(273,'From the Abyss','EUR','En,Fr,De,Es,It'),(274,'Final Fantasy IV','EUR','En,Fr,De,Es,It'),(275,'Final Fantasy XII - Revenant Wings','EUR','En,Fr,De,Es,It'),(276,'Final Fantasy Tactics A2 - Grimoire of the Rift','EUR','En,Fr,De,Es'),(277,'Ghost Trick - Phantom Detective','EUR','En,Fr,De,Es,It'),(278,'Legend of Zelda, The - Spirit Tracks','EUR','En,Fr,De,Es,It'),(279,'Harvest Moon - Frantic Farming','EUR','None'),(280,'Guilty Gear - Dust Strikers','EUR','En,Fr,De,Es,It'),(281,'Golden Sun - Dark Dawn','EUR','En,Fr,De,Es,It'),(282,'Harvest Moon DS - Island of Happiness','EUR','En,Fr,De,Es,It'),(283,'Harvest Moon DS - Grand Bazaar','EUR','En,Fr,De,Es,It'),(284,'Harvest Moon DS - Sunshine Islands','EUR','En,Fr,De,Es,It'),(285,'Ghostbusters - The Video Game','EUR','En,Fr,De,Es,It'),(286,'Harvest Moon - The Tale of Two Towns','EUR','En,Fr,De'),(287,'Kingdom Hearts - Re-coded','EUR','En,Fr,De,Es,It'),(288,'Kirby - Mouse Attack','EUR','En,Fr,De,Es,It'),(289,'Kingdom Hearts - 358-2 Days','EUR','En,Fr,De,Es,It'),(290,'Kirby Mass Attack','EUR','En,Fr,De,Es,It'),(291,'Kirby - Power Paintbrush','EUR','En,Fr,De,Es,It'),(292,'Kirby Super Star Ultra','EUR','En,Fr,De,Es,It'),(293,'Lara Croft Tomb Raider - Legend','EUR','En,Fr,De,Es,It'),(294,'Assassin\'s Creed II - Discovery','EUR','En,Fr,De,Es,It'),(295,'Legend of Spyro, The - The Eternal Night','EUR','En,Fr,De,Es,It'),(296,'Legend of Spyro, The - Dawn of the Dragon','EUR','En,Fr,De,Es,It'),(297,'Legend of Zelda, The - Phantom Hourglass','EUR','En,Fr,De,Es,It'),(298,'Tomb Raider - Underworld','EUR','En,Es,It'),(299,'Lufia - Curse of the Sinistrals','USA','None'),(300,'Legend of Spyro, The - A New Beginning','EUR','En,Fr,De,Es,It'),(301,'Linda Hyde - Vampire Mansion','EUR','En,Fr,Nl'),(302,'Luminous Arc','EUR','None'),(303,'Luminous Arc 2','EUR','None'),(304,'Lunar - Genesis','EUR','None'),(305,'Luminous Arc 3 - Eyes','JPN','None'),(306,'Radiant Historia','USA','Es'),(307,'Lunar Knights','EUR','En,Fr,De,Es,It'),(308,'Mario & Luigi - Partners in Time','EUR','En,Fr,De,Es,It'),(309,'Pokemon - Edicion Blanca','ESP','None'),(310,'Mario Kart DS','EUR','En,Fr,De,Es,It'),(311,'Mario & Sonic at the Olympic Winter Games','EUR','En,Fr,De,Es,It'),(312,'Mario & Luigi - Bowser\'s Inside Story','EUR','En,Fr,De,Es,It'),(313,'Metal Slug 7','EUR','En,Fr,De,Es,It'),(314,'Mario vs Donkey Kong 2 - March of the Minis','EUR','En,Fr,De,Es,It'),(315,'Metroid Prime - Hunters','EUR','En,Fr,De,Es,It'),(316,'Sonic Classic Collection','EUR','En,Fr,De,Es,It'),(317,'Mario & Sonic at the Olympic Games','EUR','En,Fr,De,Es,It'),(318,'Mario Slam Basketball','EUR','En,Ja,Fr,De,Es,It'),(319,'Mega Man ZX - Advent','EUR','En,Ja,Fr,De,Es,It'),(320,'Mega Man ZX','EUR','En,Ja,Fr,De,Es,It'),(321,'Metroid Prime Pinball','EUR','En,Fr,De,Es,It'),(322,'Might & Magic - Clash of Heroes','EUR','En,Fr,De,Es,It'),(323,'Pokemon - Edicion Blanca 2','ESP','None'),(324,'New Super Mario Bros','EUR','En,Fr,De,Es,It'),(325,'Radiant Historia','USA','None'),(326,'Plants vs. Zombies','EUR','None'),(327,'Puzzle Quest - Challenge of the Warlords','EUR','En,Fr,De,Es,It'),(328,'Puzzle Quest 2','EUR','En,Fr,De,Es,It'),(329,'Puzzle Quest - Galactrix','EUR','En,Fr,De,Es,It'),(330,'Rayman - Raving Rabbids','EUR','En,Fr,De,Es,It,Nl'),(331,'Rayman - Raving Rabbids - TV Party','EUR','En,Fr,De,Es,It,Nl'),(332,'Rayman - Raving Rabbids 2','EUR','En,Fr,De,Es,It,Nl'),(333,'Rayman DS','EUR','En,Fr,De,Es,It'),(334,'Simpsons Game, The','EUR','None'),(335,'Seiken Densetsu - Heroes of Mana','JPN','None'),(336,'Seiken Densetsu DS - Children of Mana','JPN','None'),(337,'Resident Evil - Deadly Silence','EUR','En,Fr,De,Es,It'),(338,'So Blonde - Back to the Island','EUR','En,Fr,De,Es,It'),(339,'Sonic Chronicles - The Dark Brotherhood','EUR','En,Fr,De,Es,It'),(340,'Sonic Colours','EUR','En,Ja,Fr,De,Es,It'),(341,'Sonic & Sega All-Stars Racing','EUR','En,Fr,De,Es,It'),(342,'Sonic Rush','EUR','En,Ja,Fr,De,Es,It'),(343,'Yoshi Touch & Go','EUR','En,Fr,De,Es,It'),(344,'Star Wars - Episode III - Revenge of the Sith','EUR','En,Fr,De,Es,It'),(345,'Star Wars - Battlefront - Elite Squadron','EUR','Es,It'),(346,'Yoshi\'s Island DS','EUR','En,Fr,De,Es,It'),(347,'Star Wars - Lethal Alliance','EUR','En,Fr,De,Es,It'),(348,'Star Wars - The Force Unleashed','EUR','En,Fr,De,Es,It'),(349,'Star Fox Command','EUR','En,Fr,De,Es,It'),(350,'Super Mario 64 DS','EUR','En,Fr,De,Es,It'),(351,'Star Wars - The Force Unleashed II','EUR','En,Fr,De,Es,It'),(352,'Tetris DS','EUR','En,Fr,De,Es,It'),(353,'Super Scribblenauts','EUR','En,Fr,De,Es,It,Nl'),(354,'Tenchu - Dark Secret','EUR','En,Es,It'),(355,'Tao\'s Adventure - Curse of the Demon Seal','EUR','En,Fr,De,Es,It'),(356,'Tetris Party Deluxe','EUR','En,Fr,De,Es,It'),(357,'Star Wars - The Clone Wars - Jedi Alliance','EUR','En,Fr,De,Es'),(358,'Tom Clancy\'s EndWar','EUR','En,Fr,De,Es,It'),(359,'Tom and Jerry Tales','EUR','En,Fr,De,Es,It'),(360,'Trauma Center - Under the Knife','EUR','En,Fr,De,Es,It'),(361,'World Ends with You, The','EUR','None'),(362,'Wario - Master of Disguise','EUR','En,Fr,De,Es,It'),(363,'Tom Clancy\'s Splinter Cell - Chaos Theory','EUR','En,Fr,De,Es,It'),(364,'Trauma Center - Under the Knife 2','USA','None'),(365,'Viewtiful Joe - Double Trouble!','ESP','None'),(366,'WarioWare - Do It Yourself','EUR','En,Fr,De,Es,It'),(367,'Suikoden - Tierkreis','EUR','En,Fr,De,Es,It'),(368,'WarioWare - Touched!','EUR','En,Fr,De,Es,It'),(369,'Disgaea DS','EUR','Es'),(370,'Zuma\'s Revenge','USA','None'),(371,'Drawn to Life','EUR','En,Fr,De,Es,It'),(372,'Phoenix Wright - Ace Attorney - Justice for All','EUR','Es,It'),(373,'Pokemon - Edicion Negra','ESP','None'),(374,'Phoenix Wright - Ace Attorney - Trials and Tribulations','EUR','Es,It'),(375,'Sonic Rush Adventure','EUR','En,Ja,Fr,De,Es,It'),(376,'Phoenix Wright - Ace Attorney','EUR','De,Es,It'),(377,'Pokemon - Edicion Negra 2','ESP','None'),(378,'Rune Factory - A Fantasy Harvest Moon','USA','None'),(379,'Pokemon - Edicion Diamante','ESP','None'),(380,'Shin chan contra los Plastas!','ESP','None'),(381,'Rabbids Go Home','EUR','En,Fr,De,Es,It,Nl'),(382,'Scribblenauts','EUR','En,Fr,De,Es,It,Nl'),(383,'Rune Factory 2 - A Fantasy Harvest Moon','USA','None'),(384,'Pokemon - Edicion Oro HeartGold','ESP','None'),(385,'Legacy of Ys - Books I & II','USA','None'),(386,'Pokemon - Edicion Perla','ESP','None'),(387,'Shin Megami Tensei - Devil Survivor','USA','None'),(388,'Pokemon - Edicion Plata SoulSilver','ESP','None'),(389,'Commando - Steel Disaster','USA','En,Fr,Es'),(390,'Pokemon - Edicion Platino','ESP','None'),(391,'Pokemon Mystery Dungeon - Blue Rescue Team','EUR','En,Fr,De,Es,It'),(392,'Rune Factory 3 - A Fantasy Harvest Moon','USA','None'),(393,'Pokemon Mystery Dungeon - Explorers of Darkness','EUR','En,Fr,De,Es,It'),(394,'Shin Megami Tensei - Devil Survivor 2','USA','None'),(395,'Pokemon Mystery Dungeon - Explorers of Sky','EUR','En,Fr,De,Es,It'),(396,'Pokemon Mystery Dungeon - Explorers of Time','EUR','En,Fr,De,Es,It'),(397,'Pokemon Ranger - Guardian Signs','EUR','En,Fr,De,Es,It'),(398,'Ripened Tingle\'s Balloon Trip of Love','JPN','En'),(399,'Pokemon Ranger - Shadows of Almia','EUR','En,Fr,De,Es,It'),(400,'Apollo Justice - Ace Attorney','EUR','None'),(401,'Pokemon Ranger','EUR','En,Fr,De,Es,It'),(402,'Shin chan Flipa en Colores!','ESP','None'),(403,'Captain Morgane and the Golden Turtle','EUR','En,Fr,De,Es,It'),(404,'Avalon Code','USA','None'),(405,'Tingles Balloon Fight','JPN','None'),(406,'Freshly Picked - Tingle\'s Rosy Rupeeland','EUR','None'),(407,'Ace Attorney Investigations - Miles Edgeworth','USA','Es'),(408,'Mario vs Donkey Kong - Mini-Land Mayhem!','EUR','En,Fr,De,Es,It'),(409,'Vagrant Story','EUR','Es'),(410,'Suikoden II','USA','None'),(411,'Resident Evil 3 - Nemesis','ESP','None'),(412,'Parasite Eve II','USA','None'),(413,'Resident Evil 2','ESP','None'),(414,'Final Fantasy Anthology - Final Fantasy VI','USA','None'),(415,'Parasite Eve II','ESP','None'),(416,'Breath of Fire IV','USA','None'),(417,'Resident Evil 2 - Dual Shock Ver.','USA','None'),(418,'Parasite Eve','USA','Es'),(419,'Breath of Fire III','USA','None'),(420,'Metal Gear Solid','ESP','None'),(421,'Legend of Mana','USA','None'),(422,'MediEvil 2','ESP','None'),(423,'MediEvil','ESP','None'),(424,'GeGeGe no Kitarou - Gyakushuu! Youma Daikessen','JPN','None'),(425,'Resident Evil - Director\'s Cut','ESP','None'),(426,'Persona 2 - Eternal Punishment','USA','None'),(427,'Legend of Mana','USA','Es'),(428,'Mizzurna Falls','JPN','Es'),(429,'Legacy of Kain - Soul Reaver','ESP','None'),(430,'Clock Tower - The First Fear','JPN','None'),(431,'Final Fantasy VIII','ESP','None'),(432,'Final Fantasy VII','ESP','None'),(433,'Final Fantasy IX','ESP','None'),(434,'Clock Tower - The First Fear','JPN','Es'),(435,'Dino Crisis 2','ESP','None'),(436,'Metal Gear Solid - Special Missions','ESP','None'),(437,'Dino Crisis','ESP','None'),(438,'Echo Night #2 - Nemuri no Shihaisha','JPN','None'),(439,'Chrono Cross','USA','Es'),(440,'Suikoden','USA','None'),(441,'Echo Night #2 - Nemuri no Shihaisha','JPN','Es'),(442,'Resident Evil - Director\'s Cut - Dual Shock Ver.','USA','None'),(443,'Adventures of Lomax, The','USA','None'),(444,'Alien Resurrection','USA','None'),(445,'Alien Trilogy','USA','None'),(446,'Alone in the Dark - One-Eyed Jack\'s Revenge','USA','None'),(447,'Alundra','USA','None'),(448,'Alundra 2 - A New Legend Begins','USA','None'),(449,'Arc the Lad Collection - Arc Arena - Monster Tournament','USA','None'),(450,'Arc the Lad Collection - Arc the Lad','USA','None'),(451,'Arc the Lad Collection - Arc the Lad II','USA','None'),(452,'Arc the Lad Collection - Arc the Lad III','USA','None'),(453,'Arc the Lad Collection - The Making of Arc the Lad','USA','None'),(454,'Blood Omen - Legacy of Kain','USA','None'),(455,'Bloody Roar','USA','None'),(456,'Bomberman - Party Edition','USA','None'),(457,'Bloody Roar II','USA','None'),(458,'Bomberman Fantasy Race','USA','None'),(459,'Bomberman World','USA','None'),(460,'Broken Sword - The Shadow of the Templars','USA','None'),(461,'Broken Sword II - The Smoking Mirror','USA','None'),(462,'Bust-A-Move \'99','USA','None'),(463,'Capcom vs. SNK Pro','USA','None'),(464,'Castlevania Chronicles','USA','None'),(465,'Castlevania - Symphony of the Night','USA','None'),(466,'Clock Tower','USA','None'),(467,'Clock Tower II - The Struggle Within','USA','None'),(468,'Crash Bandicoot - Warped','USA','None'),(469,'Crash Bandicoot','USA','None'),(470,'Crash Bandicoot 2 - Cortex Strikes Back','USA','None'),(471,'D','USA','None'),(472,'Darkstalkers 3','USA','None'),(473,'Darkstalkers - The Night Warriors','USA','None'),(474,'Dino Crisis','USA','None'),(475,'Dino Crisis 2','USA','None'),(476,'Discworld','EUR','None'),(477,'Discworld II - Mortality Bytes!','USA','None'),(478,'Driver - You Are the Wheelman','USA','None'),(479,'Discworld Noir','EUR','None'),(480,'Driver 2','USA','None'),(481,'Fear Effect','USA','None'),(482,'Fear Effect 2 - Retro Helix','USA','None'),(483,'Final Fantasy Anthology - Final Fantasy V','USA','None'),(484,'Final Fantasy Chronicles - Chrono Trigger','USA','None'),(485,'Final Fantasy Chronicles - Final Fantasy IV','USA','None'),(486,'Final Fantasy IX','USA','None'),(487,'Final Fantasy Origins','USA','None'),(488,'Final Fantasy Tactics','USA','None'),(489,'Final Fantasy VII','USA','None'),(490,'Forsaken','USA','None'),(491,'Galerians','USA','None'),(492,'Final Fantasy VIII','USA','None'),(493,'Gex - Enter the Gecko','USA','None'),(494,'Gex','USA','None'),(495,'Gex 3 - Deep Cover Gecko','USA','None'),(496,'Gran Turismo','USA','None'),(497,'Ghost in the Shell','USA','None'),(498,'Gran Turismo 2','USA','None'),(499,'Grand Theft Auto','USA','None'),(500,'Grand Theft Auto - Mission Pack #1 - London 1969','USA','None'),(501,'Grand Theft Auto 2','USA','None'),(502,'Grandia','USA','None'),(503,'Guilty Gear','USA','None'),(504,'Intelligent Cube','USA','None'),(505,'JoJo\'s Bizarre Adventure','USA','None'),(506,'Klonoa - Door to Phantomile','USA','None'),(507,'Jade Cocoon - Story of the Tamamayu','USA','None'),(508,'Koudelka','USA','None'),(509,'Legacy of Kain - Soul Reaver','USA','None'),(510,'Legend of Dragoon, The','USA','None'),(511,'Legend of Legaia','USA','None'),(512,'Lunar - Silver Star Story Complete','USA','None'),(513,'Lunar 2 - Eternal Blue Complete','USA','None'),(514,'Martian Gothic - Unification','USA','None'),(515,'Marvel Super Heroes','USA','None'),(516,'Marvel vs. Capcom - Clash of Super Heroes','USA','None'),(517,'MediEvil','USA','None'),(518,'MediEvil II','USA','None'),(519,'Mega Man 8','USA','None'),(520,'Mega Man Legends','USA','None'),(521,'Mega Man Legends 2','USA','None'),(522,'Mega Man X4','USA','None'),(523,'Mega Man X5','USA','None'),(524,'Mega Man X6','USA','None'),(525,'Metal Gear Solid - VR Missions','USA','None'),(526,'Metal Gear Solid','USA','None'),(527,'Mortal Kombat - Special Forces','USA','None'),(528,'Mortal Kombat 3','USA','None'),(529,'Mortal Kombat 4','USA','None'),(530,'Mortal Kombat Mythologies - Sub-Zero','USA','None'),(531,'Mortal Kombat Trilogy','USA','None'),(532,'Nightmare Creatures II','USA','None'),(533,'Ninja - Shadow of Darkness','USA','None'),(534,'Nightmare Creatures','USA','None'),(535,'Oddworld - Abe\'s Exoddus','USA','None'),(536,'Oddworld - Abe\'s Oddysee','USA','None'),(537,'Ogre Battle - Limited Edition','USA','None'),(538,'Pandemonium 2','USA','None'),(539,'Pandemonium!','USA','None'),(540,'Persona','USA','None'),(541,'Rayman','USA','None'),(542,'Rayman 2 - The Great Escape','USA','None'),(543,'Resident Evil - Director\'s Cut','USA','None'),(544,'Resident Evil 2','USA','None'),(545,'Resident Evil 3 - Nemesis','USA','None'),(546,'Marvel Super Heroes vs. Street Fighter','USA','None'),(547,'SaGa Frontier','USA','None'),(548,'SaGa Frontier 2','USA','None'),(549,'Shadow Man','USA','None'),(550,'Shadow Tower','USA','None'),(551,'Silent Hill','USA','None'),(552,'Silent Hill [Uncensored]','EUR','None'),(553,'Soul Blade','USA','None'),(554,'Spyro - Year of the Dragon','USA','None'),(555,'Spyro 2 - Ripto\'s Rage!','USA','None'),(556,'Spyro the Dragon','USA','None'),(557,'Star Ocean - The Second Story','USA','None'),(558,'Street Fighter Alpha - Warriors\' Dreams','USA','None'),(559,'Street Fighter Alpha 2','USA','None'),(560,'Street Fighter Alpha 3','USA','None'),(561,'Strider','USA','None'),(562,'Strider 2','USA','None'),(563,'Syphon Filter','USA','None'),(564,'Syphon Filter 2','USA','None'),(565,'Syphon Filter 3','USA','None'),(566,'Tactics Ogre','USA','None'),(567,'Tales of Destiny','USA','None'),(568,'Tales of Destiny II','USA','None'),(569,'Tekken','USA','None'),(570,'Tekken 2','USA','None'),(571,'Tekken 3','USA','None'),(572,'Tenchu - Stealth Assassins','USA','None'),(573,'Tenchu 2 - Birth of the Stealth Assassins','USA','None'),(574,'Terry Pratchett\'s Discworld','USA','None'),(575,'Time Crisis - Project Titan','USA','None'),(576,'Time Crisis','USA','None'),(577,'Tomb Raider','USA','None'),(578,'Tomb Raider Chronicles','USA','None'),(579,'Tomb Raider - The Last Revelation','USA','None'),(580,'Tomb Raider II - Starring Lara Croft','USA','None'),(581,'Tomb Raider III - Adventures of Lara Croft','USA','None'),(582,'Valkyrie Profile','USA','None'),(583,'Vampire Hunter D','USA','None'),(584,'Vandal Hearts','USA','None'),(585,'Vandal Hearts II','USA','None'),(586,'Wild Arms','USA','None'),(587,'Wild Arms 2','USA','None'),(588,'Xenogears','USA','None'),(589,'X-Men vs. Street Fighter','USA','None'),(590,'Final Fantasy VII','USA','Es'),(591,'God of War','EUR','En,Fr,De,Es,It'),(592,'God of War II','EUR','En,Fr,De,Es,It,Ru'),(593,'Obscure - The Aftermath','USA','None'),(594,'Obscure','EUR','None'),(595,'Obscure II','EUR','None'),(596,'Shadow of the Colossus','EUR','En,Fr,De,Es,It'),(597,'Silent Hill - Shattered Memories','EUR','En,Fr,De,Es,It'),(598,'Silent Hill 2 - Director\'s Cut','EUR','En,Fr,De,Es,It'),(599,'Silent Hill 2','EUR','En,Ja,Fr,De,Es,It'),(600,'Silent Hill 2 Greatest Hits','USA','En,Ja,Fr,De,Es,It'),(601,'Silent Hill 3','EUR','En,Fr,De,Es,It'),(602,'Silent Hill 4 - The Room','EUR','En,Fr,De,Es,It'),(603,'Silent Hill Origins','EUR','En,Fr,De,Es,It'),(604,'Unlimited Saga','EUR','None'),(605,'Castlevania - Curse of Darkness','EUR','En,Fr,De,Es,It'),(606,'Castlevania','EUR','En,Fr,De,Es,It'),(607,'Devil May Cry','EUR','En,Fr,De,Es,It'),(608,'Devil May Cry 2','EUR','En,Fr,De,Es,It'),(609,'Devil May Cry 3 - Dante\'s Awakening - Special Edition','EUR','En,Fr,De,Es,It'),(610,'Grand Theft Auto - San Andreas','EUR','En,Fr,De,Es,It'),(611,'Dirge of Cerberus - Final Fantasy VII','EUR','None'),(612,'Final Fantasy X','ESP','None'),(613,'Final Fantasy X-2','ESP','None'),(614,'Final Fantasy XII','ESP','None'),(615,'Metal Gear Solid 3 - Snake Eater','ESP','None'),(616,'Persona 3 FES','EUR','None'),(617,'Persona 4','EUR','None'),(618,'Project Zero 3 - The Tormented','EUR','None'),(619,'Project Zero II - Crimson Butterfly','EUR','None'),(620,'Shin Megami Tensei - Digital Devil Saga','EUR','None'),(621,'Shin Megami Tensei - Digital Devil Saga 2','EUR','None'),(622,'Shin Megami Tensei - Lucifer\'s Call','EUR','En,Fr,De'),(623,'Soulcalibur II','EUR','None'),(624,'Valkyrie Profile 2 - Silmeria','ESP','None'),(625,'Vampire - Darkstalkers Collection','JPN','None'),(626,'Alone in the Dark - The New Nightmare','EUR','En,Fr,De,Es,It'),(627,'Alone in the Dark','EUR','En,Fr,De,Es'),(628,'Blood Omen 2 - The Legacy of Kain Series','EUR','Fr,Es,It'),(629,'Dawn of Mana','USA','None'),(630,'Grand Theft Auto - Vice City','EUR','En,Fr,De,Es,It'),(631,'Grand Theft Auto - Vice City Stories','EUR','En,Fr,De,Es,It'),(632,'ICO','EUR','En,Fr,De,Es,It'),(633,'Enter the Matrix','EUR','En,Fr,De,Es,It'),(634,'Lara Croft Tomb Raider - Anniversary','EUR','En,Fr,De,Es,It'),(635,'Lara Croft Tomb Raider - Legend','EUR','En,Fr,De,Es,It'),(636,'Lara Croft Tomb Raider - The Angel of Darkness','EUR','En,Fr,De,Es,It'),(637,'Legacy of Kain - Defiance','EUR','En,Fr,De,Es,It'),(638,'Legacy of Kain - Soul Reaver 2','EUR','En,Fr,De,Es,It'),(639,'Metal Gear Solid 2 - Sons of Liberty','ESP','None'),(640,'Metal Gear Solid 2 - Substance','EUR','En,Fr,De,Es,It'),(641,'Okami','EUR','En,Fr,De'),(642,'P3 - Persona 3','EUR','None'),(643,'Soulcalibur III - Arcade Edition','WORLD','None'),(644,'Tomb Raider - Underworld','EUR','En,Fr,De,Es,It'),(645,'Yakuza','EUR','En,Fr,De,Es,It'),(646,'Yakuza 2','EUR','None'),(647,'Metal Gear Solid 3 - Subsistence','USA','En,Es'),(648,'Onimusha - Dawn of Dreams','EUR','En,Fr,De,Es,It'),(649,'Atelier Iris - Eternal Mana','EUR','En,Ja'),(650,'Constantine','EUR','En,Fr,De,Es,It'),(651,'Contra - Shattered Soldier','EUR','En,Fr,De,Es,It'),(652,'Deus Ex','EUR','None'),(653,'Disgaea - Hour of Darkness','EUR','None'),(654,'Disgaea 2 - Cursed Memories','EUR','En,Ja'),(655,'Forbidden Siren','ESP','None'),(656,'Forbidden Siren 2','EUR','En,Fr,De,Es,It'),(657,'Galerians-Ash','EUR','En,Fr,De,Es,It'),(658,'Gran Turismo 4','EUR','En,Fr,De,Es,It'),(659,'Haunted Mansion, The','EUR','En,Fr,De,Es,It'),(660,'Soulcalibur III','USA','None'),(661,'Grand Theft Auto III','EUR','En,Fr,De,Es,It'),(662,'Project Zero','EUR','En,Fr,De,Es,It'),(663,'Resident Evil - Dead Aim','EUR','En,Fr,De,Es,It'),(664,'Resident Evil - Outbreak - File 2','EUR','En,Fr,De,Es,It'),(665,'Resident Evil - Outbreak','EUR','En,Fr,De,Es,It'),(666,'Romancing SaGa','USA','None'),(667,'Tekken 4','EUR','En,Fr,De,Es,It'),(668,'True Crime - New York City','ESP','None'),(669,'Vampire Night','EUR','En,Fr,De,Es,It'),(670,'Dragon Quest VIII - Journey of the Cursed King','EUR','None'),(671,'Guilty Gear X','EUR','None'),(672,'Guilty Gear X2','EUR','None'),(673,'Echo Night - Beyond','USA','None'),(674,'Jade Cocoon 2','EUR','None'),(675,'Magna Carta - Tears of Blood','australia','None'),(676,'Tekken 5','EUR','En,Fr,De,Es,It'),(677,'True Crime - Streets of LA','EUR','En,Fr,De,Es,It'),(678,'Ys - The Ark of Napishtim','EUR','En,Fr,De,Es,It'),(679,'Radiata Stories','USA','None'),(680,'Tales of Legendia','USA','None'),(681,'Simpsons, The - Hit & Run','EUR','En,Fr,De,Es'),(682,'Street Fighter Alpha Anthology','EUR','None'),(683,'Street Fighter EX3','EUR','None'),(684,'Bully','USA','None'),(685,'Resident Evil - Survivor 2 - Code Veronica','EUR','None'),(686,'Grand Theft Auto - Liberty City Stories','EUR','En,Fr,De,Es,It'),(687,'Kingdom Hearts II','USA','None'),(688,'Kingdom Hearts - Re-Chain of Memories','USA','None'),(689,'Kingdom Hearts','USA','None'),(690,'Kuon','USA','None'),(691,'Auto Modellista','EUR','En,Fr,De,Es,It'),(692,'Clock Tower 3','USA','None'),(693,'Dark Angel - Vampire Apocalypse','USA','None'),(694,'Dragon Sisters','EUR','None'),(695,'Fatal Frame II - Crimson Butterfly','USA','None'),(696,'Max Payne 2 - The Fall of Max Payne','ESP','En,Es'),(697,'Max Payne','EUR','En,Fr,Es,It'),(698,'Onimusha 2 - Samurai\'s Destiny','USA','None'),(699,'Onimusha 3 - Demon Siege','EUR','En,Fr,De,Es,It'),(700,'Red Faction','EUR','None'),(701,'Red Faction II','EUR','En,Fr,De'),(702,'Shadow Hearts','USA','None'),(703,'Dark Chronicle','EUR','En,Fr,De,Es,It'),(704,'Dark Cloud','EUR','En,Fr,De,Es,It'),(705,'God Hand','EUR','None'),(706,'Mister Mosquito','USA','None'),(707,'Onimusha - Warlords','EUR','En,Fr,De'),(708,'Red Star, The','EUR','En,Fr,De,Es,It'),(709,'Evil Dead - Regeneration','USA','None'),(710,'Forever Kingdom','USA','None'),(711,'Eternal Ring','EUR','None'),(712,'Evergrace','USA','None'),(713,'Evergrace II','JPN','None'),(714,'Asterix at the Olympic Games','EUR','En,Fr,De,Es,It'),(715,'Getaway, The','EUR','En,Fr,De,Es,It'),(716,'Thing, The','EUR','En,Fr,Es,It'),(717,'Haunting Ground','EUR','En,Fr,De,Es,It'),(718,'Michigan - Report from Hell','EUR','En,Fr,Es,It'),(719,'Shadow Man - 2econd Coming','USA','None'),(720,'Suffering, The - Ties That Bind','EUR','En,Es,It'),(721,'Suffering, The','EUR','En,Es,It'),(722,'Getaway, The - Black Monday','EUR','En,Fr,De,Es,It,Nl'),(723,'Rogue Galaxy','EUR','En,Fr,De,Es,It'),(724,'Asterix & Obelix XXL 2 - Mission Las Vegum','EUR','En,Fr,De,Es,It'),(725,'Simple 2000 Series Vol. 113 - The Tairyou Jigoku','JPN','Es'),(726,'Devil May Cry 4','EUR','None'),(727,'Dead Space 3','EUR','None'),(728,'Dark Souls Prepare To Die Edition','EUR','None'),(729,'The Evil Within','USA','None'),(730,'God of War Collection Volume 1','EUR','None'),(731,'NieR','USA','None'),(732,'Fatal Frame 3 - The Tormented','USA','None'),(733,'NieR Replicant','USA','None'),(734,'Dead Space 2 Ultimate Edition','USA','None'),(735,'Fatal Frame','USA','None'),(736,'Demons Souls','EUR','None'),(737,'Devil May Cry HD Collection','EUR','None'),(738,'God of War Collection Volume 2','EUR','None'),(739,'Alien Isolation','EUR','None'),(740,'Dead Space','USA','None'),(741,'The Last of Us','USA','None'),(742,'Fatal Frame 2 - Crimson Butterfly','USA','None'),(743,'Kingdom Hearts HD 2.5 ReMIX','EUR','None'),(744,'Heavy Rain','EUR','None'),(745,'Dark Souls II Scholar Of The First Sin','EUR','None'),(746,'Kingdom Hearts HD 1.5 ReMIX','EUR','None'),(747,'The Ico And Shadow of the Colossus Collection','EUR','None'),(748,'Metal Gear Solid 2 HD Edition','USA','None'),(749,'Metal Gear Solid 3 Snake Eater HD Edition','USA','None'),(750,'Metal Gear Solid HD Collection','EUR','None'),(751,'Persona 4 Golden','USA','None'),(752,'Uncharted - El abismo de oro','USA','None'),(753,'Silent Hill - Book of Memories','EUR','None'),(754,'Gravity Rush','EUR','None'),(755,'God of War Collection','EUR','None'),(756,'Mario Super Sluggers','USA','None'),(757,'Tatsunoko vs. Capcom - Ultimate All Stars','USA','None'),(758,'Another Code - R - A Journey into Lost Memories','EUR','None'),(759,'Asterix at the Olympic Games','EUR','None'),(760,'Bomberman Land','WORLD','None'),(761,'Captain Morgane and the Golden Turtle','EUR','None'),(762,'Case Closed - The Mirapolis Investigation','EUR','None'),(763,'Dead Space - Extraction','EUR','None'),(764,'Donkey Kong Country Returns','EUR','None'),(765,'Donkey Kong Jet Race','EUR','None'),(766,'Donkey Kong Jungle Beat','EUR','None'),(767,'Final Fantasy Crystal Bearers','EUR','None'),(768,'Final Fantasy Crystal Chronicles - Echoes of Time','EUR','None'),(769,'Final Fantasy Crystal Chronicles - My Life as a Darklord','USA','None'),(770,'Final Fantasy Crystal Chronicles - My Life as a King','USA','None'),(771,'Final Fantasy Fables - Chocobo\'s Dungeon','EUR','None'),(772,'Final Fantasy IV - The After Years','USA','None'),(773,'Fire Emblem - Radiant Dawn','EUR','None'),(774,'GoldenEye 007','EUR','None'),(775,'Harvest Moon - Animal Parade','EUR','None'),(776,'Harvest Moon - Magical Melody','EUR','None'),(777,'Harvest Moon - My Little Shop','USA','None'),(778,'Harvest Moon - Tree of Tranquility','EUR','None'),(779,'Kirby\'s Adventure Wii','EUR','None'),(780,'Kirby\'s Dream Collection Special Edition','EUR','None'),(781,'Kirby\'s Epic Yarn','EUR','None'),(782,'Kirby\'s Return to Dream Land','EUR','None'),(783,'Legend of Zelda, The - Twilight Princess','EUR','None'),(784,'Link\'s Crossbow Training','EUR','None'),(785,'Los Simpsons El Videojuego','EUR','None'),(786,'Madagascar Kartz','EUR','None'),(787,'Mario & Sonic at the London 2012 Olympic Games','EUR','None'),(788,'Mario & Sonic at the Olympic Games','EUR','None'),(789,'Mario & Sonic At The Olympic Winter Games','EUR','None'),(790,'Mario Kart Wii','EUR','None'),(791,'Mario Party 8','EUR','None'),(792,'Mario Party 9','EUR','None'),(793,'Mario Power Tennis','EUR','None'),(794,'Mario Sports Mix','EUR','None'),(795,'Mario Strikers Charged Football','EUR','None'),(796,'Mega Man 9','USA','None'),(797,'Mega Man 10','USA','None'),(798,'Metroid Other M','EUR','None'),(799,'Metroid Prime 3 Corruption','EUR','None'),(800,'Metroid Prime Trilogy','EUR','None'),(801,'Monster Hunter 3 Tri','EUR','None'),(802,'New Super Mario Bros. Wii','EUR','None'),(803,'No More Heroes','EUR','None'),(804,'No More Heroes 2 - Desperate Struggle','EUR','None'),(805,'Pikmin 2','EUR','None'),(806,'Pokémon Battle Revolution','EUR','None'),(807,'Project Zero 2 - Wii Edition','EUR','None'),(808,'Rabbids Go Home','EUR','None'),(809,'Raving Rabbids - Travel in Time','EUR','En,Fr,De,Es,It,Nl'),(810,'Rayman Raving Rabbids 2','EUR','None'),(811,'Rayman Raving Rabbids TV Party','EUR','None'),(812,'Red Steel','EUR','None'),(813,'Red Steel 2','EUR','None'),(814,'Resident Evil - Archives','EUR','None'),(815,'Resident Evil - Archives Zero','EUR','None'),(816,'Resident Evil - The Darkside Chronicles','EUR','None'),(817,'Resident Evil - The Umbrella Chronicles','EUR','None'),(818,'Resident Evil 4 Wii Edition','EUR','None'),(819,'Rune Factory Frontier','EUR','None'),(820,'Shin Chan The New Adventures For Wii','EUR','None'),(821,'Silent Hill - Shattered Memories','EUR','None'),(822,'Simpsons, The - Road Rage','EUR','None'),(823,'So Blonde - Back to the Island','EUR','None'),(824,'Sonic & the Black Knight','EUR','None'),(825,'Sonic and the Secrets Rings','EUR','None'),(826,'Sonic Unleashed','EUR','None'),(827,'Super Mario Galaxy','EUR','None'),(828,'Super Mario Galaxy 2','EUR','None'),(829,'Super Monkey Ball - Banana Blitz','EUR','None'),(830,'Super Monkey Ball Step and Roll','EUR','None'),(831,'Super Smash Bros Brawl','EUR','None'),(832,'Takt of Magic','JPN','None'),(833,'Tales Of Symphonia Dawn Of The New World','EUR','None'),(834,'The House of the Dead 2 & 3 Return','EUR','None'),(835,'The House of the Dead Overkill','EUR','None'),(836,'The Last Story','EUR','None'),(837,'Wario Land - The Shake Dimension','EUR','None'),(838,'Wario Ware Smooth Moves','EUR','None'),(839,'Xenoblade Chronicles','EUR','En,Fr,De,Es,It'),(840,'Animal Crossing - Let\'s Go to the City','EUR','En,Fr,De,Es,It'),(841,'Legend of Zelda, The - Skyward Sword','EUR','None'),(842,'Metal Slug Anthology','USA','None'),(843,'Super Paper Mario','EUR','None'),(844,'Super Mario All Stars','EUR','None'),(845,'Los Sims 3','EUR','None'),(846,'Captain Toad Treasure Tracker','EUR','None'),(847,'Bayonetta','EUR','None'),(848,'Kirby and the Rainbow Paintbrush','EUR','None'),(849,'Donkey Kong Country Tropical Freezee','EUR','None'),(850,'Animal Crossing amiibo Festival','EUR','None'),(851,'Star Fox Zero','EUR','None'),(852,'Project Zero Maiden of Black Water','EUR','None'),(853,'PAPER MARIO Color Splash','EUR','None'),(854,'Mario Kart 8','EUR','None'),(855,'Mario Party 10','EUR','None'),(856,'Mario Tennis Ultra Smash','EUR','None'),(857,'New SUPER MARIO BROS. U +  New SUPER LUIGI U','EUR','None'),(858,'Bayonetta 2','EUR','None'),(859,'Hyrule Warriors','EUR','None'),(860,'Legend of Zelda, The - Breath of the Wild','EUR','None'),(861,'Legend of Zelda, The - The Wind Waker HD','EUR','None'),(862,'Legend of Zelda, The - Twilight Princess HD','EUR','None'),(863,'Pikmin 3','EUR','None'),(864,'Splatoon','EUR','None'),(865,'Super Mario 3D World','EUR','None'),(866,'Super Mario Maker','EUR','None'),(867,'Super Smash Bros','EUR','None'),(868,'Sonic Boom Rise of Lyric','EUR','None'),(869,'Xenoblade Chronicles X','EUR','None'),(870,'Monster Hunter 3 Ultimate','EUR','None'),(871,'Mario & Sonic at the Sochi 2014 Olympic Winter Games','EUR','None'),(872,'Mario & Sonic at the Rio 2016 Olympic Games','EUR','None'),(873,'Dino Crisis 3','EUR','En,Fr,De,Es,It'),(874,'Blasphemous','WORLD','None'),(875,'Bug Fables The Everlasting Sapling','WORLD','None'),(876,'New Pokemon Snap','WORLD','None'),(877,'Paper Mario The Origami King','WORLD','None'),(878,'Pokemon Mystery Dungeon Rescue Team DX','WORLD','None'),(879,'Super Mario 3D All-Stars','WORLD','None'),(880,'Super Mario Maker 2','WORLD','None'),(881,'Super Smash Bros Ultimate','WORLD','None'),(882,'The Legend of Zelda BOTW','WORLD','None'),(883,'The Legend of Zelda Link’s Awakening','WORLD','None'),(884,'Yoshi\'s Crafted World','WORLD','None'),(885,'Animal Crossing New Horizons','WORLD','None'),(886,'Fire Emblem Warriors','WORLD','None'),(887,'Luigi’s Mansion 3','WORLD','None'),(888,'Bravely Default II','WORLD','None'),(889,'Eastward','WORLD','None'),(890,'Double Dragon Neon','WORLD','None'),(891,'Hyrule Warriors Age of Calamity','WORLD','None'),(892,'Hyrule Warriors Definitive Edition','WORLD','None'),(893,'Teenage Mutant Ninja Turtles Shredder\'s Revenge','WORLD','None'),(894,'Toki','WORLD','None'),(895,'Yomawari The Long Night Collection','WORLD','None'),(896,'Kirby and the Forgotten Land','WORLD','None'),(897,'Mario Golf Super Rush','WORLD','None'),(898,'Mario Party Superstars','WORLD','None'),(899,'New Super Mario Bros U Deluxe','WORLD','None'),(900,'Pokemon Legends Arceus','WORLD','None'),(901,'Persona 5 Royal','WORLD','None'),(902,'Super Mario 3D World Bowsers Fury','WORLD','None'),(903,'Triangle Strategy','WORLD','None'),(904,'Captain Toad Treasure Tracker','WORLD','None'),(905,'Donkey Kong Country Tropical Freeze','WORLD','None'),(906,'Mario Kart 8 Deluxe','WORLD','None'),(907,'Mario + Rabbids Kingdom Battle','WORLD','None'),(908,'Metroid Dread','WORLD','None'),(909,'Octopath Traveler','WORLD','None'),(910,'Super Mario Odyssey','WORLD','None'),(911,'Super Mario Party','WORLD','None'),(912,'Xenoblade Chronicles 2','WORLD','None'),(913,'Xenoblade Chronicles Definitive Edition','WORLD','None'),(914,'Ni No Kuni Wrath of the White Witch','WORLD','None'),(915,'Ni no Kuni II Revenant Kingdom Prince\'s Edition','WORLD','None'),(916,'Shin Megami Tensei III Nocturne HD Remaster','WORLD','None'),(917,'Yomawari - Lost in the dark','WORLD','None'),(918,'Chrono Cross The Radical Dreamers Edition','WORLD','None'),(919,'Cuphead','WORLD','None'),(920,'Mario Strikers Battle League','WORLD','None'),(921,'Mario Tennis Aces','WORLD','None'),(922,'Republique','WORLD','None'),(923,'The House of The Dead Remake','WORLD','None'),(924,'Tormented Souls','WORLD','None'),(925,'Shin Megami Tensei V','WORLD','None'),(926,'Xenoblade Chronicles 3','WORLD','None'),(927,'Pokemon Escudo','WORLD','None'),(928,'Pokken Tournament DX','WORLD','None'),(929,'Pokemon Diamante Brillante','WORLD','None'),(930,'Pokemon Let’s Go Eevee','WORLD','None'),(931,'Pokemon Quest','WORLD','None'),(932,'Vagante','WORLD','None'),(933,'Rumble Dragon','WORLD','None'),(934,'Dead Cells','WORLD','None'),(935,'River City','WORLD','None'),(936,'I am Setsuna','WORLD','None'),(937,'Life is Strange True Colors','WORLD','None'),(938,'Kirby Star Allies','WORLD','None'),(939,'Conan Chop Chop','WORLD','None'),(940,'Live A Live','WORLD','None'),(941,'Cadence of Hyrule','WORLD','None'),(942,'Pocky & Rocky Reshrined','WORLD','None'),(943,'Streets of Rage 4','WORLD','None'),(944,'The Legend of Zelda Skyward Sword HD','WORLD','None'),(945,'Fire Emblem Warriors Three Hopes','WORLD','None'),(946,'Mario and Sonic at the Olympic Games Tokyo 2020','WORLD','None'),(947,'Monark','WORLD','None'),(948,'Shadow Man Remastered','WORLD','None'),(949,'The Great Ace Attorney Chronicles','WORLD','None'),(950,'Mayhem Brawler','WORLD','None'),(951,'Sonic Origins','WORLD','None'),(952,'WarioWare Get It Together','WORLD','None'),(953,'Cult of the Lamb','WORLD','None'),(954,'Resident Evil HD Remaster','WORLD','None'),(955,'Fire Emblem Three Houses','WORLD','None'),(956,'Asterix & Obelix - Slap Them All','WORLD','None'),(957,'Final Fantasy Crystal Chronicles Remastered Edition','WORLD','None'),(958,'Shin chan - Me and the Professor on Summer Vacation – The Endless Seven-Day Journey','WORLD','None'),(959,'Final Fantasy VII','WORLD','None'),(960,'Final Fantasy XII The Zodiac Age','WORLD','None'),(961,'Final Fantasy VIII Remastered','WORLD','None'),(962,'Crayon Shinchan The Storm Called Flaming Kasukabe Runner','WORLD','None'),(963,'Return to Monkey Island','WORLD','None'),(964,'Asterix & Obelix XXXL - The ram from Hibernia','WORLD','None'),(965,'Final Fantasy IX','WORLD','None'),(966,'FINAL FANTASY X X-2 HD Remaster','WORLD','None'),(967,'Final Fantasy','WORLD','None'),(968,'Crisis Core Final Fantasy VII','WORLD','None'),(969,'Romancing SaGa 2','WORLD','None'),(970,'NieR Automata The End of YoRHa Edition','WORLD','None'),(971,'Final Fantasy II','WORLD','None'),(972,'Final Fantasy III','WORLD','None'),(973,'Final Fantasy IV','WORLD','None'),(974,'Final Fantasy V','WORLD','None'),(975,'Final Fantasy VI','WORLD','None'),(976,'Bayonetta Origins Cereza and the Lost Demon','WORLD','None'),(977,'Broforce','WORLD','None'),(978,'FATAL FRAME Mask of the Lunar Eclipse','WORLD','None'),(979,'Fire Emblem Engage','WORLD','None'),(980,'Metroid Prime Remastered','WORLD','None'),(981,'New Joe and Mac - Caveman Ninja','WORLD','None'),(982,'Octopath Traveler II','WORLD','None'),(983,'PARANORMASIGHT The Seven Mysteries of Honjo','WORLD','None'),(984,'Graveyard Keeper','WORLD','None'),(985,'Hades','WORLD','None'),(986,'Kirbys Return to Dream Land Deluxe','WORLD','None'),(987,'River City Girls 2','WORLD','None'),(988,'Scott Pilgrim vs The World - The Game','WORLD','None'),(989,'Sonic Frontiers','WORLD','None'),(990,'The Legend of Zelda - Tears of the Kingdom','WORLD','None'),(991,'Mario + Rabbits Sparks of Hope','WORLD','None'),(992,'Gnosia','WORLD','None'),(993,'The Dark Pictures Anthology - Man of Medan','WORLD','None'),(994,'FightN Rage','WORLD','None'),(995,'Splatoon 3','WORLD','None'),(996,'Puzzle Bobble EveryBubble','WORLD','None'),(997,'Pokemon Escarlata','WORLD','None'),(998,'Resident Evil 0 HD','WORLD','None'),(999,'Persona 3 Portable','WORLD','None'),(1000,'Resident Evil 5','WORLD','None'),(1001,'Romancing SaGa 3','WORLD','None'),(1002,'Resident Evil 6','WORLD','None'),(1003,'Bayonetta 3','WORLD','None'),(1004,'Resident Evil Revelations','WORLD','None'),(1005,'Persona 4 Golden','WORLD','None'),(1006,'Resident Evil Revelations 2','WORLD','None'),(1007,'Romancing SaGa -Minstrel Song- Remastered','WORLD','None'),(1008,'Double Dragon Garden Raise of the Dragons','WORLD','None'),(1009,'Master Detective Archives RAIN CODE','WORLD','None'),(1010,'Resident Evil - Code Veronica','EUR','None'),(1011,'Shenmue','EUR','En,Fr,De,Es'),(1012,'Shenmue II','EUR','En,Fr,De,Es'),(1013,'Parasite Eve - The 3rd Birthday','EUR','None'),(1014,'Age Of Zombies','USA','None'),(1015,'Dante\'s Inferno','EUR','None'),(1016,'Crimson Gem Saga','USA','None'),(1017,'Disgaea - Afternoon of Darkness','USA','None'),(1018,'Disgaea Infinite','USA','None'),(1019,'Dragoneer\'s Aria','EUR','None'),(1020,'Final Fantasy III','WORLD','None'),(1021,'God of War - Chains of Olympus','EUR','None'),(1022,'Final Fantasy II - 20th Anniversary Edition','EUR','None'),(1023,'Final Fantasy VII - Crisis Core','WORLD','None'),(1024,'Final Fantasy Tactics - The War of the Lions','USA','None'),(1025,'Gungnir','USA','None'),(1026,'Jeanne d\'Arc','USA','None'),(1027,'Final Fantasy','EUR','None'),(1028,'Lord of Arcana','EUR','None'),(1029,'Medievil Resurrection','EUR','None'),(1030,'Puzzle Quest - Challenge of the Warlords','EUR','None'),(1031,'Silent Hill Origins','EUR','None'),(1032,'Silent Hill Shattered - Memories','EUR','None'),(1033,'Star Ocean - First Departure','USA','None'),(1034,'Star Ocean - Second Evolution','USA','None'),(1035,'Syphon Filter - Dark Mirror','EUR','None'),(1036,'Syphon Filter - Logan\'s Shadow','USA','None'),(1037,'Metal Slug XX','EUR','None'),(1038,'Tales Of Eternia','EUR','None'),(1039,'Tenchu Shadow Assassins','EUR','None'),(1040,'Metal Gear Solid - Peace Walker','EUR','None'),(1041,'Dissidia 012 - Duodecim Final Fantasy','USA','None'),(1042,'Brave Story - New Traveler','USA','None'),(1043,'Disgaea 2 - Dark Hero Days','USA','None'),(1044,'Obscure - The Aftermath','EUR','En,Fr,De,Es,It'),(1045,'Castlevania - The Dracula X Chronicles','EUR','None'),(1046,'Killzone Liberation','EUR','None'),(1047,'Kingdom Hearts - Birth by Sleep','EUR','None'),(1048,'Final Fantasy - 20th Anniversary Edition','EUR','None'),(1049,'Dissidia - Final Fantasy','EUR','None'),(1050,'Corpse Party - Book of Shadows','USA','None'),(1051,'Ys I & II Chronicles','USA','None'),(1052,'Corpse Party','USA','None'),(1053,'Ys Seven','USA','None'),(1054,'Shin Megami Tensei - Persona','USA','None'),(1055,'Shin Megami Tensei - Persona 2 - Innocent Sin','EUR','None'),(1056,'Ys III - The Oath in Felghana','USA','None'),(1057,'Shin Megami Tensei - Persona 3 Portable','EUR','None'),(1058,'Ys VI - The Ark of Napishtim','EUR','En,Fr,De,Es,It'),(1059,'Final Fantasy IV - Complete Collection','USA','None'),(1060,'Tomb Raider - Legend','EUR','None'),(1061,'Valkyrie Profile - Lenneth','USA','None'),(1062,'Tactics Ogre - Let us Cling Together','USA','None'),(1063,'Resistance Retribution','EUR','None'),(1064,'Legend of Heroes, The - A Tear of Vermillion','USA','None'),(1065,'God of War - Ghost of Sparta','EUR','None'),(1066,'Darkstalkers Chronicle - The Chaos Tower','USA','None');
/*!40000 ALTER TABLE `game` ENABLE KEYS */;
UNLOCK TABLES;

--
-- Table structure for table `has`
--

DROP TABLE IF EXISTS `has`;
/*!40101 SET @saved_cs_client     = @@character_set_client */;
/*!50503 SET character_set_client = utf8mb4 */;
CREATE TABLE `has` (
  `platform_name` varchar(50) NOT NULL,
  `game_code` int NOT NULL,
  PRIMARY KEY (`platform_name`,`game_code`),
  KEY `games_fk` (`game_code`),
  CONSTRAINT `games_fk` FOREIGN KEY (`game_code`) REFERENCES `game` (`game_code`) ON DELETE CASCADE ON UPDATE CASCADE,
  CONSTRAINT `platform_fk` FOREIGN KEY (`platform_name`) REFERENCES `platform` (`name`) ON DELETE CASCADE ON UPDATE CASCADE
) ENGINE=InnoDB DEFAULT CHARSET=utf8mb4 COLLATE=utf8mb4_0900_ai_ci;
/*!40101 SET character_set_client = @saved_cs_client */;

--
-- Dumping data for table `has`
--

LOCK TABLES `has` WRITE;
/*!40000 ALTER TABLE `has` DISABLE KEYS */;
INSERT INTO `has` VALUES ('ps4',1),('ps4',2),('ps4',3),('ps4',4),('ps4',5),('ps4',6),('ps4',7),('ps4',8),('ps4',9),('ps4',10),('ps4',11),('ps4',12),('ps4',13),('ps4',14),('ps4',15),('ps4',17),('ps4',18),('ps4',19),('ps4',20),('ps4',21),('ps4',22),('ps4',23),('3ds',24),('3ds',25),('3ds',26),('3ds',27),('3ds',28),('3ds',29),('3ds',30),('3ds',31),('3ds',32),('3ds',33),('psp',33),('3ds',34),('3ds',35),('3ds',36),('3ds',37),('3ds',38),('3ds',39),('3ds',40),('3ds',41),('3ds',42),('3ds',43),('3ds',44),('3ds',45),('3ds',46),('3ds',47),('3ds',48),('3ds',49),('3ds',50),('3ds',51),('3ds',52),('3ds',53),('3ds',54),('3ds',55),('3ds',56),('3ds',57),('3ds',58),('3ds',59),('3ds',60),('3ds',61),('3ds',62),('3ds',63),('3ds',64),('3ds',65),('3ds',66),('3ds',67),('3ds',68),('3ds',69),('3ds',70),('3ds',71),('3ds',72),('3ds',73),('3ds',74),('3ds',75),('3ds',76),('3ds',77),('3ds',78),('3ds',79),('3ds',80),('3ds',81),('3ds',82),('3ds',83),('3ds',84),('3ds',85),('3ds',86),('3ds',87),('3ds',88),('3ds',89),('3ds',90),('3ds',91),('3ds',92),('3ds',93),('3ds',94),('3ds',95),('3ds',96),('3ds',97),('3ds',98),('3ds',99),('3ds',100),('3ds',101),('3ds',102),('3ds',103),('3ds',104),('3ds',105),('3ds',106),('3ds',107),('3ds',108),('3ds',109),('3ds',110),('3ds',111),('3ds',112),('3ds',113),('3ds',114),('3ds',115),('3ds',116),('3ds',117),('3ds',118),('3ds',119),('3ds',120),('3ds',121),('3ds',122),('3ds',123),('3ds',124),('3ds',125),('3ds',126),('3ds',127),('3ds',128),('3ds',129),('3ds',130),('3ds',131),('3ds',132),('3ds',133),('3ds',134),('3ds',135),('3ds',136),('3ds',137),('3ds',138),('3ds',139),('3ds',140),('3ds',141),('3ds',142),('3ds',143),('3ds',144),('3ds',145),('3ds',146),('3ds',147),('3ds',148),('3ds',149),('3ds',150),('3ds',151),('3ds',152),('3ds',153),('3ds',154),('3ds',155),('3ds',156),('3ds',157),('3ds',158),('3ds',159),('3ds',160),('3ds',161),('3ds',162),('3ds',163),('gamecube',164),('gamecube',165),('gamecube',166),('gamecube',167),('gamecube',168),('gamecube',169),('gamecube',170),('gamecube',171),('gamecube',172),('gamecube',173),('gamecube',174),('gamecube',175),('gamecube',176),('gamecube',177),('gamecube',178),('gamecube',179),('gamecube',180),('gamecube',181),('gamecube',182),('gamecube',183),('gamecube',184),('gamecube',185),('gamecube',186),('gamecube',187),('gamecube',188),('gamecube',189),('gamecube',190),('gamecube',191),('gamecube',192),('gamecube',193),('gamecube',194),('gamecube',195),('gamecube',196),('gamecube',197),('gamecube',198),('gamecube',199),('gamecube',200),('gamecube',201),('gamecube',202),('gamecube',203),('gamecube',204),('gamecube',205),('gamecube',206),('gamecube',207),('gamecube',208),('gamecube',209),('gamecube',210),('gamecube',211),('gamecube',212),('gamecube',213),('gamecube',214),('gamecube',215),('gamecube',216),('gamecube',217),('gamecube',218),('gamecube',219),('gamecube',220),('gamecube',221),('gamecube',222),('gamecube',223),('gamecube',224),('wii',224),('nds',225),('nds',226),('nds',227),('nds',228),('nds',229),('nds',230),('nds',231),('nds',232),('nds',233),('nds',234),('nds',235),('nds',236),('nds',237),('nds',238),('ps2',238),('nds',239),('nds',240),('nds',241),('nds',242),('nds',243),('nds',244),('nds',245),('nds',246),('nds',247),('nds',248),('nds',249),('nds',250),('nds',251),('nds',252),('nds',253),('nds',254),('nds',255),('nds',256),('nds',257),('nds',258),('nds',259),('nds',260),('nds',261),('nds',262),('nds',263),('nds',264),('nds',265),('nds',266),('nds',267),('nds',268),('nds',269),('nds',270),('nds',271),('nds',272),('nds',273),('nds',274),('nds',275),('nds',276),('nds',277),('nds',278),('nds',279),('nds',280),('nds',281),('nds',282),('nds',283),('nds',284),('nds',285),('nds',286),('nds',287),('nds',288),('nds',289),('nds',290),('nds',291),('nds',292),('nds',293),('ps2',293),('nds',294),('nds',295),('nds',296),('nds',297),('nds',298),('nds',299),('nds',300),('nds',301),('nds',302),('nds',303),('nds',304),('nds',305),('nds',306),('nds',307),('nds',308),('nds',309),('nds',310),('nds',311),('nds',312),('nds',313),('nds',314),('nds',315),('nds',316),('nds',317),('nds',318),('nds',319),('nds',320),('nds',321),('nds',322),('nds',323),('nds',324),('nds',325),('nds',326),('nds',327),('nds',328),('nds',329),('nds',330),('nds',331),('nds',332),('nds',333),('nds',334),('nds',335),('nds',336),('nds',337),('nds',338),('nds',339),('nds',340),('nds',341),('nds',342),('nds',343),('nds',344),('nds',345),('nds',346),('nds',347),('nds',348),('nds',349),('nds',350),('nds',351),('nds',352),('nds',353),('nds',354),('nds',355),('nds',356),('nds',357),('nds',358),('nds',359),('nds',360),('nds',361),('nds',362),('nds',363),('nds',364),('nds',365),('nds',366),('nds',367),('nds',368),('nds',369),('nds',370),('nds',371),('nds',372),('nds',373),('nds',374),('nds',375),('nds',376),('nds',377),('nds',378),('nds',379),('nds',380),('nds',381),('nds',382),('nds',383),('nds',384),('nds',385),('nds',386),('nds',387),('nds',388),('nds',389),('nds',390),('nds',391),('nds',392),('nds',393),('nds',394),('nds',395),('nds',396),('nds',397),('nds',398),('nds',399),('nds',400),('nds',401),('nds',402),('nds',403),('nds',404),('nds',405),('nds',406),('nds',407),('nds',408),('ps1',409),('ps1',410),('ps1',411),('ps1',412),('ps1',413),('ps1',414),('ps1',415),('ps1',416),('ps1',417),('ps1',418),('ps1',419),('ps1',420),('ps1',421),('ps1',422),('ps1',423),('ps1',424),('ps1',425),('ps1',426),('ps1',427),('ps1',428),('ps1',429),('ps1',430),('ps1',431),('ps1',432),('ps1',433),('ps1',434),('ps1',435),('ps1',436),('ps1',437),('ps1',438),('ps1',439),('ps1',440),('ps1',441),('ps1',442),('ps1',443),('ps1',444),('ps1',445),('ps1',446),('ps1',447),('ps1',448),('ps1',449),('ps1',450),('ps1',451),('ps1',452),('ps1',453),('ps1',454),('ps1',455),('ps1',456),('ps1',457),('ps1',458),('ps1',459),('ps1',460),('ps1',461),('ps1',462),('ps1',463),('ps1',464),('ps1',465),('ps1',466),('ps1',467),('ps1',468),('ps1',469),('ps1',470),('ps1',471),('ps1',472),('ps1',473),('ps1',474),('ps1',475),('ps1',476),('ps1',477),('ps1',478),('ps1',479),('ps1',480),('ps1',481),('ps1',482),('ps1',483),('ps1',484),('ps1',485),('ps1',486),('ps1',487),('ps1',488),('ps1',489),('ps1',490),('ps1',491),('ps1',492),('ps1',493),('ps1',494),('ps1',495),('ps1',496),('ps1',497),('ps1',498),('ps1',499),('ps1',500),('ps1',501),('ps1',502),('ps1',503),('ps1',504),('ps1',505),('ps1',506),('ps1',507),('ps1',508),('ps1',509),('ps1',510),('ps1',511),('ps1',512),('ps1',513),('ps1',514),('ps1',515),('ps1',516),('ps1',517),('ps1',518),('ps1',519),('ps1',520),('ps1',521),('ps1',522),('ps1',523),('ps1',524),('ps1',525),('ps1',526),('ps1',527),('ps1',528),('ps1',529),('ps1',530),('ps1',531),('ps1',532),('ps1',533),('ps1',534),('ps1',535),('ps1',536),('ps1',537),('ps1',538),('ps1',539),('ps1',540),('ps1',541),('ps1',542),('ps1',543),('ps1',544),('ps1',545),('ps1',546),('ps1',547),('ps1',548),('ps1',549),('ps1',550),('ps1',551),('ps1',552),('ps1',553),('ps1',554),('ps1',555),('ps1',556),('ps1',557),('ps1',558),('ps1',559),('ps1',560),('ps1',561),('ps1',562),('ps1',563),('ps1',564),('ps1',565),('ps1',566),('ps1',567),('ps1',568),('ps1',569),('ps1',570),('ps1',571),('ps1',572),('ps1',573),('ps1',574),('ps1',575),('ps1',576),('ps1',577),('ps1',578),('ps1',579),('ps1',580),('ps1',581),('ps1',582),('ps1',583),('ps1',584),('ps1',585),('ps1',586),('ps1',587),('ps1',588),('ps1',589),('ps1',590),('ps2',591),('ps2',592),('ps2',593),('ps2',594),('ps2',595),('ps2',596),('ps2',597),('ps2',598),('ps2',599),('ps2',600),('ps2',601),('ps2',602),('ps2',603),('ps2',604),('ps2',605),('ps2',606),('ps2',607),('ps2',608),('ps2',609),('ps2',610),('ps2',611),('ps2',612),('ps2',613),('ps2',614),('ps2',615),('ps2',616),('ps2',617),('ps2',618),('ps2',619),('ps2',620),('ps2',621),('ps2',622),('ps2',623),('ps2',624),('ps2',625),('ps2',626),('ps2',627),('ps2',628),('ps2',629),('ps2',630),('ps2',631),('ps2',632),('ps2',633),('ps2',634),('ps2',636),('ps2',637),('ps2',638),('ps2',639),('ps2',640),('ps2',641),('ps2',642),('ps2',643),('ps2',644),('ps2',645),('ps2',646),('ps2',647),('ps2',648),('ps2',649),('ps2',650),('ps2',651),('ps2',652),('ps2',653),('ps2',654),('ps2',655),('ps2',656),('ps2',657),('ps2',658),('ps2',659),('ps2',660),('ps2',661),('ps2',662),('ps2',663),('ps2',664),('ps2',665),('ps2',666),('ps2',667),('ps2',668),('ps2',669),('ps2',670),('ps2',671),('ps2',672),('ps2',673),('ps2',674),('ps2',675),('ps2',676),('ps2',677),('ps2',678),('ps2',679),('ps2',680),('ps2',681),('ps2',682),('ps2',683),('ps2',684),('ps2',685),('ps2',686),('ps2',687),('ps2',688),('ps2',689),('ps2',690),('ps2',691),('ps2',692),('ps2',693),('ps2',694),('ps2',695),('ps2',696),('ps2',697),('ps2',698),('ps2',699),('ps2',700),('ps2',701),('ps2',702),('ps2',703),('ps2',704),('ps2',705),('ps2',706),('ps2',707),('ps2',708),('ps2',709),('ps2',710),('ps2',711),('ps2',712),('ps2',713),('ps2',715),('ps2',716),('ps2',717),('ps2',718),('ps2',719),('ps2',720),('ps2',721),('ps2',722),('ps2',723),('ps2',724),('ps2',725),('ps3',726),('ps3',727),('ps3',728),('ps3',729),('ps3',730),('ps3',731),('ps3',732),('ps3',733),('ps3',734),('ps3',735),('ps3',736),('ps3',737),('ps3',738),('ps3',739),('ps3',740),('ps3',741),('ps3',742),('ps3',743),('ps3',744),('ps3',745),('ps3',746),('ps3',747),('psvita',748),('psvita',749),('psvita',750),('psvita',751),('psvita',752),('psvita',753),('psvita',754),('psvita',755),('wii',756),('wii',757),('wii',758),('wii',759),('wii',760),('wii',761),('wii',762),('wii',763),('wii',764),('wii',765),('wii',766),('wii',767),('wii',768),('wii',769),('wii',770),('wii',771),('wii',772),('wii',773),('wii',774),('wii',775),('wii',776),('wii',777),('wii',778),('wii',779),('wii',780),('wii',781),('wii',782),('wii',783),('wii',784),('wii',785),('wii',786),('wii',787),('wii',788),('wii',789),('wii',790),('wii',791),('wii',792),('wii',793),('wii',794),('wii',795),('wii',796),('wii',797),('wii',798),('wii',799),('wii',800),('wii',801),('wii',802),('wii',803),('wii',804),('wii',806),('wii',807),('wii',808),('wii',809),('wii',810),('wii',811),('wii',812),('wii',813),('wii',814),('wii',815),('wii',816),('wii',817),('wii',818),('wii',819),('wii',820),('wii',821),('wii',822),('wii',823),('wii',824),('wii',825),('wii',826),('wii',827),('wii',828),('wii',829),('wii',830),('wii',831),('wii',832),('wii',833),('wii',834),('wii',835),('wii',836),('wii',837),('wii',838),('wii',839),('wii',840),('wii',841),('wii',842),('wii',843),('wii',844),('wii',845),('wiiu',846),('wiiu',847),('wiiu',848),('wiiu',849),('wiiu',850),('wiiu',851),('wiiu',852),('wiiu',853),('wiiu',854),('wiiu',855),('wiiu',856),('wiiu',857),('wiiu',858),('wiiu',859),('wiiu',860),('wiiu',861),('wiiu',862),('wiiu',863),('wiiu',864),('wiiu',865),('wiiu',866),('wiiu',867),('wiiu',868),('wiiu',869),('wiiu',870),('wiiu',871),('wiiu',872),('xbox',873),('switch',874),('switch',875),('switch',876),('switch',877),('switch',878),('switch',879),('switch',880),('switch',881),('switch',882),('switch',883),('switch',884),('switch',885),('switch',886),('switch',887),('switch',888),('switch',889),('switch',890),('switch',891),('switch',892),('switch',893),('switch',894),('switch',895),('switch',896),('switch',897),('switch',898),('switch',899),('switch',900),('switch',901),('switch',902),('switch',903),('switch',904),('switch',905),('switch',906),('switch',907),('switch',908),('switch',909),('switch',910),('switch',911),('switch',912),('switch',913),('switch',914),('switch',915),('switch',916),('switch',917),('switch',918),('switch',919),('switch',920),('switch',921),('switch',922),('switch',923),('switch',924),('switch',925),('switch',926),('switch',927),('switch',928),('switch',929),('switch',930),('switch',931),('switch',932),('switch',933),('switch',934),('switch',935),('switch',936),('switch',937),('switch',938),('switch',939),('switch',940),('switch',941),('switch',942),('switch',943),('switch',944),('switch',945),('switch',946),('switch',947),('switch',948),('switch',949),('switch',950),('switch',951),('switch',952),('switch',953),('switch',954),('switch',955),('switch',956),('switch',957),('switch',958),('switch',959),('switch',960),('switch',961),('switch',962),('switch',963),('switch',964),('switch',965),('switch',966),('switch',967),('switch',968),('switch',969),('switch',970),('switch',971),('psp',972),('switch',972),('switch',973),('switch',974),('switch',975),('switch',976),('switch',977),('switch',978),('switch',979),('switch',980),('switch',981),('switch',982),('switch',983),('switch',984),('switch',985),('switch',986),('switch',987),('switch',988),('switch',989),('switch',990),('switch',991),('switch',992),('switch',993),('switch',994),('switch',995),('switch',996),('switch',997),('switch',998),('switch',999),('switch',1000),('switch',1001),('switch',1002),('switch',1003),('switch',1004),('switch',1005),('switch',1006),('switch',1007),('switch',1008),('switch',1009),('dreamcast',1010),('dreamcast',1011),('dreamcast',1012),('psp',1013),('psp',1014),('psp',1015),('psp',1016),('psp',1017),('psp',1018),('psp',1019),('psp',1021),('psp',1022),('psp',1023),('psp',1024),('psp',1025),('psp',1026),('psp',1027),('psp',1028),('psp',1029),('psp',1030),('psp',1031),('psp',1032),('psp',1033),('psp',1034),('psp',1035),('psp',1036),('psp',1037),('psp',1038),('psp',1039),('psp',1040),('psp',1041),('psp',1042),('psp',1043),('psp',1044),('psp',1045),('psp',1046),('psp',1047),('psp',1048),('psp',1049),('psp',1050),('psp',1051),('psp',1053),('psp',1054),('psp',1055),('psp',1056),('psp',1057),('psp',1058),('psp',1059),('psp',1060),('psp',1061),('psp',1062),('psp',1063),('psp',1064),('psp',1065),('psp',1066);
/*!40000 ALTER TABLE `has` ENABLE KEYS */;
UNLOCK TABLES;

--
-- Table structure for table `platform`
--

DROP TABLE IF EXISTS `platform`;
/*!40101 SET @saved_cs_client     = @@character_set_client */;
/*!50503 SET character_set_client = utf8mb4 */;
CREATE TABLE `platform` (
  `name` varchar(50) NOT NULL,
  PRIMARY KEY (`name`)
) ENGINE=InnoDB DEFAULT CHARSET=utf8mb4 COLLATE=utf8mb4_0900_ai_ci;
/*!40101 SET character_set_client = @saved_cs_client */;

--
-- Dumping data for table `platform`
--

LOCK TABLES `platform` WRITE;
/*!40000 ALTER TABLE `platform` DISABLE KEYS */;
INSERT INTO `platform` VALUES ('3ds'),('dreamcast'),('gamecube'),('nds'),('ps1'),('ps2'),('ps3'),('ps4'),('psp'),('psvita'),('saturn'),('switch'),('wii'),('wiiu'),('xbox');
/*!40000 ALTER TABLE `platform` ENABLE KEYS */;
UNLOCK TABLES;

--
-- Dumping events for database 'games'
--

--
-- Dumping routines for database 'games'
--
/*!50003 DROP PROCEDURE IF EXISTS `game_input` */;
/*!50003 SET @saved_cs_client      = @@character_set_client */ ;
/*!50003 SET @saved_cs_results     = @@character_set_results */ ;
/*!50003 SET @saved_col_connection = @@collation_connection */ ;
/*!50003 SET character_set_client  = utf8mb4 */ ;
/*!50003 SET character_set_results = utf8mb4 */ ;
/*!50003 SET collation_connection  = utf8mb4_0900_ai_ci */ ;
/*!50003 SET @saved_sql_mode       = @@sql_mode */ ;
/*!50003 SET sql_mode              = 'ONLY_FULL_GROUP_BY,STRICT_TRANS_TABLES,NO_ZERO_IN_DATE,NO_ZERO_DATE,ERROR_FOR_DIVISION_BY_ZERO,NO_ENGINE_SUBSTITUTION' */ ;
DELIMITER ;;
CREATE DEFINER=`root`@`localhost` PROCEDURE `game_input`(p_name varchar(100), p_region varchar(20), p_language varchar(100))
begin

	insert into game (name, region, language) values 
    (p_name, p_region, p_language);

end ;;
DELIMITER ;
/*!50003 SET sql_mode              = @saved_sql_mode */ ;
/*!50003 SET character_set_client  = @saved_cs_client */ ;
/*!50003 SET character_set_results = @saved_cs_results */ ;
/*!50003 SET collation_connection  = @saved_col_connection */ ;
/*!50003 DROP PROCEDURE IF EXISTS `has_input` */;
/*!50003 SET @saved_cs_client      = @@character_set_client */ ;
/*!50003 SET @saved_cs_results     = @@character_set_results */ ;
/*!50003 SET @saved_col_connection = @@collation_connection */ ;
/*!50003 SET character_set_client  = utf8mb4 */ ;
/*!50003 SET character_set_results = utf8mb4 */ ;
/*!50003 SET collation_connection  = utf8mb4_0900_ai_ci */ ;
/*!50003 SET @saved_sql_mode       = @@sql_mode */ ;
/*!50003 SET sql_mode              = 'ONLY_FULL_GROUP_BY,STRICT_TRANS_TABLES,NO_ZERO_IN_DATE,NO_ZERO_DATE,ERROR_FOR_DIVISION_BY_ZERO,NO_ENGINE_SUBSTITUTION' */ ;
DELIMITER ;;
CREATE DEFINER=`root`@`localhost` PROCEDURE `has_input`(p_platform_name varchar(50), p_game_code int)
begin

	insert into has values 
    (p_platform_name, p_game_code);

end ;;
DELIMITER ;
/*!50003 SET sql_mode              = @saved_sql_mode */ ;
/*!50003 SET character_set_client  = @saved_cs_client */ ;
/*!50003 SET character_set_results = @saved_cs_results */ ;
/*!50003 SET collation_connection  = @saved_col_connection */ ;
/*!50003 DROP PROCEDURE IF EXISTS `platform_input` */;
/*!50003 SET @saved_cs_client      = @@character_set_client */ ;
/*!50003 SET @saved_cs_results     = @@character_set_results */ ;
/*!50003 SET @saved_col_connection = @@collation_connection */ ;
/*!50003 SET character_set_client  = utf8mb4 */ ;
/*!50003 SET character_set_results = utf8mb4 */ ;
/*!50003 SET collation_connection  = utf8mb4_0900_ai_ci */ ;
/*!50003 SET @saved_sql_mode       = @@sql_mode */ ;
/*!50003 SET sql_mode              = 'ONLY_FULL_GROUP_BY,STRICT_TRANS_TABLES,NO_ZERO_IN_DATE,NO_ZERO_DATE,ERROR_FOR_DIVISION_BY_ZERO,NO_ENGINE_SUBSTITUTION' */ ;
DELIMITER ;;
CREATE DEFINER=`root`@`localhost` PROCEDURE `platform_input`(P_NAME VARCHAR(50))
begin
	insert into platform 
    values (P_NAME);
end ;;
DELIMITER ;
/*!50003 SET sql_mode              = @saved_sql_mode */ ;
/*!50003 SET character_set_client  = @saved_cs_client */ ;
/*!50003 SET character_set_results = @saved_cs_results */ ;
/*!50003 SET collation_connection  = @saved_col_connection */ ;
/*!40103 SET TIME_ZONE=@OLD_TIME_ZONE */;

/*!40101 SET SQL_MODE=@OLD_SQL_MODE */;
/*!40014 SET FOREIGN_KEY_CHECKS=@OLD_FOREIGN_KEY_CHECKS */;
/*!40014 SET UNIQUE_CHECKS=@OLD_UNIQUE_CHECKS */;
/*!40101 SET CHARACTER_SET_CLIENT=@OLD_CHARACTER_SET_CLIENT */;
/*!40101 SET CHARACTER_SET_RESULTS=@OLD_CHARACTER_SET_RESULTS */;
/*!40101 SET COLLATION_CONNECTION=@OLD_COLLATION_CONNECTION */;
/*!40111 SET SQL_NOTES=@OLD_SQL_NOTES */;

-- Dump completed on 2023-08-22 21:19:39
